{
  "hash": "cb9d40a4",
  "configHash": "ef69d356",
  "lockfileHash": "2cd9a9ef",
  "browserHash": "eb46cacb",
  "optimized": {
    "@angular/common": {
      "src": "../../../../../node_modules/@angular/common/fesm2022/common.mjs",
      "file": "@angular_common.js",
      "fileHash": "1aec0bd9",
      "needsInterop": false
    },
    "@angular/common/http": {
      "src": "../../../../../node_modules/@angular/common/fesm2022/http.mjs",
      "file": "@angular_common_http.js",
      "fileHash": "67c54493",
      "needsInterop": false
    },
    "@angular/core": {
      "src": "../../../../../node_modules/@angular/core/fesm2022/core.mjs",
      "file": "@angular_core.js",
      "fileHash": "82f0c1ae",
      "needsInterop": false
    },
    "@angular/forms": {
      "src": "../../../../../node_modules/@angular/forms/fesm2022/forms.mjs",
      "file": "@angular_forms.js",
      "fileHash": "6fb26a80",
      "needsInterop": false
    },
    "@angular/material/form-field": {
      "src": "../../../../../node_modules/@angular/material/fesm2022/form-field.mjs",
      "file": "@angular_material_form-field.js",
      "fileHash": "b895dae8",
      "needsInterop": false
    },
    "@angular/material/input": {
      "src": "../../../../../node_modules/@angular/material/fesm2022/input.mjs",
      "file": "@angular_material_input.js",
      "fileHash": "fa965edc",
      "needsInterop": false
    },
    "@angular/material/paginator": {
      "src": "../../../../../node_modules/@angular/material/fesm2022/paginator.mjs",
      "file": "@angular_material_paginator.js",
      "fileHash": "38a2dbb5",
      "needsInterop": false
    },
    "@angular/material/sort": {
      "src": "../../../../../node_modules/@angular/material/fesm2022/sort.mjs",
      "file": "@angular_material_sort.js",
      "fileHash": "44369a0f",
      "needsInterop": false
    },
    "@angular/material/table": {
      "src": "../../../../../node_modules/@angular/material/fesm2022/table.mjs",
      "file": "@angular_material_table.js",
      "fileHash": "69200ec0",
      "needsInterop": false
    },
    "@angular/platform-browser": {
      "src": "../../../../../node_modules/@angular/platform-browser/fesm2022/platform-browser.mjs",
      "file": "@angular_platform-browser.js",
      "fileHash": "d56055eb",
      "needsInterop": false
    },
    "@angular/platform-browser/animations": {
      "src": "../../../../../node_modules/@angular/platform-browser/fesm2022/animations.mjs",
      "file": "@angular_platform-browser_animations.js",
      "fileHash": "9ee05092",
      "needsInterop": false
    },
    "@angular/router": {
      "src": "../../../../../node_modules/@angular/router/fesm2022/router.mjs",
      "file": "@angular_router.js",
      "fileHash": "0f3f3544",
      "needsInterop": false
    }
  },
  "chunks": {
    "chunk-BZHQWWBB": {
      "file": "chunk-BZHQWWBB.js"
    },
    "chunk-D5SOLZGF": {
      "file": "chunk-D5SOLZGF.js"
    },
    "chunk-FNMJ4PMK": {
      "file": "chunk-FNMJ4PMK.js"
    },
    "chunk-WDWMWL3N": {
      "file": "chunk-WDWMWL3N.js"
    },
    "chunk-WIHLKK6L": {
      "file": "chunk-WIHLKK6L.js"
    },
    "chunk-P7EZG7LL": {
      "file": "chunk-P7EZG7LL.js"
    },
    "chunk-3VKVZDZZ": {
      "file": "chunk-3VKVZDZZ.js"
    },
    "chunk-JYVCVL7U": {
      "file": "chunk-JYVCVL7U.js"
    },
    "chunk-KIO3XUEH": {
      "file": "chunk-KIO3XUEH.js"
    }
  }
}